{"config": {"pkg": "./tarefa11", "execdate": "23-09-2025_08:14:05", "command": "pascalanalyzer ./tarefa11 --inst man --cors 1,2,4 --ipts 128 500,256 1000,512 2000 --rpts 2 --outp escalabilidade_variavel.json --verb INFO", "hostname": "pc10", "kernel": "Linux-5.15.0-151-generic-x86_64-with-glibc2.14", "disable_hyperthread": false, "auto_instrumentation": false, "idle_time": 0, "data_descriptor": {"values": ["start_time", "stop_time"], "extras": {"regions": {"values": ["start_time", "stop_time", "start_line", "stop_line", "thread_id", "filename"]}}, "keys": ["cores", "input", "repetitions"]}, "disable_cores": false, "discard_ompnt": true, "arguments": ["128 500", "256 1000", "512 2000"]}, "data": {"4;0;1": {"regions": {"1.2": [[1758626047.792708, 1758626047.906495, 117, 137, 78, "tarefa11.c"]], "1.3": [[1758626047.906634, 1758626048.019336, 149, 169, 78, "tarefa11.c"]], "1.4": [[1758626048.019468, 1758626048.133769, 247, 284, 78, "tarefa11.c"]], "1.5": [[1758626048.133908, 1758626048.224994, 247, 284, 78, "tarefa11.c"]], "1.6": [[1758626048.225113, 1758626048.318441, 247, 284, 78, "tarefa11.c"]], "1": [[1758626047.519503, 1758626048.318457, 206, 293, 78, "tarefa11.c"]]}, "start_time": 1758626047.4894226, "stop_time": 1758626048.3189504}, "4;0;2": {"regions": {"1.2": [[1758626048.620628, 1758626048.69795, 117, 137, 82, "tarefa11.c"]], "1.3": [[1758626048.698094, 1758626048.772484, 149, 169, 82, "tarefa11.c"]], "1.4": [[1758626048.772571, 1758626048.854156, 247, 284, 82, "tarefa11.c"]], "1.5": [[1758626048.85429, 1758626048.926997, 247, 284, 82, "tarefa11.c"]], "1.6": [[1758626048.927211, 1758626049.000877, 247, 284, 82, "tarefa11.c"]], "1": [[1758626048.349183, 1758626049.000894, 206, 293, 82, "tarefa11.c"]]}, "start_time": 1758626048.3196452, "stop_time": 1758626049.0013256}, "4;1;1": {"regions": {"1.2": [[1758626051.184982, 1758626051.803418, 117, 137, 94, "tarefa11.c"]], "1.3": [[1758626051.804039, 1758626052.429097, 149, 169, 94, "tarefa11.c"]], "1.4": [[1758626052.429513, 1758626053.053844, 247, 284, 94, "tarefa11.c"]], "1.5": [[1758626053.05415, 1758626053.637217, 247, 284, 94, "tarefa11.c"]], "1.6": [[1758626053.637507, 1758626054.215506, 247, 284, 94, "tarefa11.c"]], "1": [[1758626049.040928, 1758626054.215541, 206, 293, 94, "tarefa11.c"]]}, "start_time": 1758626049.001964, "stop_time": 1758626054.2166715}, "4;1;2": {"regions": {"1.2": [[1758626056.368456, 1758626056.985914, 117, 137, 116, "tarefa11.c"]], "1.3": [[1758626056.986224, 1758626057.616604, 149, 169, 116, "tarefa11.c"]], "1.4": [[1758626057.617003, 1758626058.235599, 247, 284, 116, "tarefa11.c"]], "1.5": [[1758626058.235898, 1758626058.822725, 247, 284, 116, "tarefa11.c"]], "1.6": [[1758626058.823016, 1758626059.406974, 247, 284, 116, "tarefa11.c"]], "1": [[1758626054.266435, 1758626059.406991, 206, 293, 116, "tarefa11.c"]]}, "start_time": 1758626054.2174647, "stop_time": 1758626059.4075992}, "4;2;1": {"regions": {"1.2": [[1758626076.387797, 1758626083.70267, 117, 137, 11, "tarefa11.c"]], "1.3": [[1758626083.704162, 1758626090.234966, 149, 169, 11, "tarefa11.c"]], "1.4": [[1758626090.236703, 1758626096.793231, 247, 284, 11, "tarefa11.c"]], "1.5": [[1758626096.796992, 1758626103.071767, 247, 284, 11, "tarefa11.c"]], "1.6": [[1758626103.072963, 1758626109.449632, 247, 284, 11, "tarefa11.c"]], "1": [[1758626059.451972, 1758626109.449687, 206, 293, 11, "tarefa11.c"]]}, "start_time": 1758626059.4084034, "stop_time": 1758626109.4516945}, "4;2;2": {"regions": {"1.2": [[1758626126.165964, 1758626132.786972, 117, 137, 59, "tarefa11.c"]], "1.3": [[1758626132.788347, 1758626140.514523, 149, 169, 59, "tarefa11.c"]], "1.4": [[1758626140.517164, 1758626147.622761, 247, 284, 59, "tarefa11.c"]], "1.5": [[1758626147.623943, 1758626153.889362, 247, 284, 59, "tarefa11.c"]], "1.6": [[1758626153.890545, 1758626160.248391, 247, 284, 59, "tarefa11.c"]], "1": [[1758626109.499154, 1758626160.24841, 206, 293, 59, "tarefa11.c"]]}, "start_time": 1758626109.452538, "stop_time": 1758626160.249841}, "2;0;1": {"regions": {"1.2": [[1758626160.56438, 1758626160.640022, 117, 137, 107, "tarefa11.c"]], "1.3": [[1758626160.640114, 1758626160.716573, 149, 169, 107, "tarefa11.c"]], "1.4": [[1758626160.716662, 1758626160.79278, 247, 284, 107, "tarefa11.c"]], "1.5": [[1758626160.79326, 1758626160.866864, 247, 284, 107, "tarefa11.c"]], "1.6": [[1758626160.866949, 1758626160.939577, 247, 284, 107, "tarefa11.c"]], "1": [[1758626160.296183, 1758626160.939592, 206, 293, 107, "tarefa11.c"]]}, "start_time": 1758626160.2510052, "stop_time": 1758626160.9400735}, "2;0;2": {"regions": {"1.2": [[1758626161.245763, 1758626161.358717, 117, 137, 111, "tarefa11.c"]], "1.3": [[1758626161.358865, 1758626161.470887, 149, 169, 111, "tarefa11.c"]], "1.4": [[1758626161.471017, 1758626161.585268, 247, 284, 111, "tarefa11.c"]], "1.5": [[1758626161.585389, 1758626161.675709, 247, 284, 111, "tarefa11.c"]], "1.6": [[1758626161.675897, 1758626161.768028, 247, 284, 111, "tarefa11.c"]], "1": [[1758626160.975276, 1758626161.768046, 206, 293, 111, "tarefa11.c"]]}, "start_time": 1758626160.940656, "stop_time": 1758626161.7684782}, "2;1;1": {"regions": {"1.2": [[1758626163.921978, 1758626164.53693, 117, 137, 127, "tarefa11.c"]], "1.3": [[1758626164.53723, 1758626165.190485, 149, 169, 127, "tarefa11.c"]], "1.4": [[1758626165.190778, 1758626165.898377, 247, 284, 127, "tarefa11.c"]], "1.5": [[1758626165.89888, 1758626166.487735, 247, 284, 127, "tarefa11.c"]], "1.6": [[1758626166.488025, 1758626167.068141, 247, 284, 127, "tarefa11.c"]], "1": [[1758626161.803952, 1758626167.06816, 206, 293, 127, "tarefa11.c"]]}, "start_time": 1758626161.7691364, "stop_time": 1758626167.0687027}, "2;1;2": {"regions": {"1.2": [[1758626169.224958, 1758626169.87016, 117, 137, 22, "tarefa11.c"]], "1.3": [[1758626169.87048, 1758626170.503047, 149, 169, 22, "tarefa11.c"]], "1.4": [[1758626170.503362, 1758626171.124483, 247, 284, 22, "tarefa11.c"]], "1.5": [[1758626171.124885, 1758626171.719003, 247, 284, 22, "tarefa11.c"]], "1.6": [[1758626171.719291, 1758626172.305411, 247, 284, 22, "tarefa11.c"]], "1": [[1758626167.109053, 1758626172.305461, 206, 293, 22, "tarefa11.c"]]}, "start_time": 1758626167.0696084, "stop_time": 1758626172.3066666}, "2;2;1": {"regions": {"1.2": [[1758626189.005016, 1758626195.670527, 117, 137, 52, "tarefa11.c"]], "1.3": [[1758626195.671766, 1758626203.7201, 149, 169, 52, "tarefa11.c"]], "1.4": [[1758626203.721801, 1758626211.144952, 247, 284, 52, "tarefa11.c"]], "1.5": [[1758626211.148496, 1758626217.422692, 247, 284, 52, "tarefa11.c"]], "1.6": [[1758626217.423887, 1758626223.803914, 247, 284, 52, "tarefa11.c"]], "1": [[1758626172.353691, 1758626223.803934, 206, 293, 52, "tarefa11.c"]]}, "start_time": 1758626172.307867, "stop_time": 1758626223.8049679}, "2;2;2": {"regions": {"1.2": [[1758626240.591178, 1758626247.64387, 117, 137, 105, "tarefa11.c"]], "1.3": [[1758626247.648015, 1758626254.267381, 149, 169, 105, "tarefa11.c"]], "1.4": [[1758626254.269742, 1758626261.057929, 247, 284, 105, "tarefa11.c"]], "1.5": [[1758626261.060891, 1758626268.173114, 247, 284, 105, "tarefa11.c"]], "1.6": [[1758626268.174353, 1758626275.005153, 247, 284, 105, "tarefa11.c"]], "1": [[1758626223.905991, 1758626275.005175, 206, 293, 105, "tarefa11.c"]]}, "start_time": 1758626223.8056543, "stop_time": 1758626275.006273}, "1;0;1": {"regions": {"1.2": [[1758626275.334911, 1758626275.412439, 117, 137, 33, "tarefa11.c"]], "1.3": [[1758626275.412627, 1758626275.487558, 149, 169, 33, "tarefa11.c"]], "1.4": [[1758626275.487661, 1758626275.5649, 247, 284, 33, "tarefa11.c"]], "1.5": [[1758626275.565116, 1758626275.637189, 247, 284, 33, "tarefa11.c"]], "1.6": [[1758626275.637276, 1758626275.711528, 247, 284, 33, "tarefa11.c"]], "1": [[1758626275.05608, 1758626275.711598, 206, 293, 33, "tarefa11.c"]]}, "start_time": 1758626275.0071623, "stop_time": 1758626275.7128253}, "1;0;2": {"regions": {"1.2": [[1758626276.037283, 1758626276.114281, 117, 137, 37, "tarefa11.c"]],